北京	北京大学	www.pku.edu.cn
北京	中国人民大学	www.ruc.edu.cn
北京	清华大学	www.tsinghua.edu.cn
北京	北京交通大学	www.njtu.edu.cn
北京	北京科技大学	www.ustb.edu.cn
北京	中国石油大学	www.cup.edu.cn
北京	中国矿业大学	www.cumtb.edu.cn
北京	中国地质大学	www.cugb.edu.cn
北京	北京邮电大学	www.bupt.edu.cn
北京	华北电力大学	www.ncepu.edu.cn
北京	北京化工大学	www.buct.edu.cn
北京	中国农业大学	www.cau.edu.cn
北京	北京林业大学	www.bjfu.edu.cn
北京	北京中医药大学	www.bucm.edu.cn
北京	北京师范大学	www.bnu.edu.cn
北京	北京外国语大学	www.bfsu.edu.cn
北京	北京语言大学	www.blcu.edu.cn
北京	对外经济贸易大学	www.uibe.edu.cn
北京	中央财经大学	www.cufe.edu.cn
北京	中国政法大学	www.cupl.edu.cn
北京	中央民族大学	www.muc.edu.cn
北京	北京协和医学院	www.cams.ac.cn
北京	北京体育大学	www.bsu.edu.cn
北京	北京理工大学	www.bit.edu.cn
北京	北京航空航天大学	www.buaa.edu.cn
北京	北京信息科技大学	www.bistu.edu.cn
北京	北京工商大学	www.btbu.edu.cn
北京	北京联合大学	www.buu.edu.cn
北京	北京工业大学	www.bjut.edu.cn
北京	北方工业大学	www.ncut.edu.cn
北京	首都医科大学	www.ccmu.edu.cn
北京	首都师范大学	www.cnu.edu.cn
北京	首都经济贸易大学	www.cueb.edu.cn
北京	中国传媒大学	www.cuc.edu.cn
北京	国际关系学院	www.uir.cn
北京	中央美术学院	www.cafa.edu.cn
北京	中央戏剧学院	www.chntheatre.edu.cn
北京	中央音乐学院	www.ccom.edu.cn
北京	北京电子科技学院	www.besti.edu.cn
北京	外交学院	www.cfau.edu.cn
北京	中国劳动关系学院	www.ciir.edu.cn
北京	中国青年政治学院	www.cyu.edu.cn
北京	中华女子学院	www.cwu.edu.cn
北京	北京建筑工程学院	www.bucea.edu.cn
北京	北京服装学院	www.bift.edu.cn
北京	北京印刷学院	www.bigc.edu.cn
北京	北京石油化工学院	www.bipt.edu.cn
北京	首钢工学院	www.sgit.edu.cn
北京	北京农学院	www.bac.edu.cn
北京	首都体育学院	www.cipe.net.cn
北京	北京第二外国语学院	www.bisu.edu.cn
北京	北京物资学院	www.bwu.edu.cn
北京	中国音乐学院	www.ccmusic.edu.cn
北京	北京舞蹈学院	www.bda.edu.cn
北京	中国戏曲学院	www.nacta.edu.cn
北京	北京电影学院	www.bfa.edu.cn
北京	北京城市学院	www.bcu.edu.cn
重庆	重庆大学	www.cqu.edu.cn
重庆	西南大学	www.swu.edu.cn
重庆	重庆交通大学	www.cquc.edu.cn
重庆	重庆邮电大学	www.cqupt.edu.cn
重庆	重庆医科大学	www.cqmu.edu.cn
重庆	重庆师范大学	www.cqnu.edu.cn
重庆	重庆工商大学	www.ctbu.edu.cn
重庆	西南政法大学	www.swupl.edu.cn
重庆	重庆科技学院	www.cqust.cn
重庆	重庆理工大学	www.cqut.edu.cn
重庆	长江师范学院	www.yznu.cn
重庆	四川外语学院	www.sisu.edu.cn
重庆	四川美术学院	www.scfai.edu.cn
重庆	重庆三峡学院	www.sanxiau.net
重庆	重庆文理学院	www.cqwu.net
重庆	重庆电力高等专科学校	www.cqepc.com.cn
重庆	重庆医药高等专科学校	www.cqyygz.com
重庆	重庆三峡医药高等专科学校	www.sxyyc.net
重庆	重庆电子工程职业学院	www.cqcet.com
重庆	重庆工业职业技术学院	www.cqipc.net
重庆	重庆水利电力职业技术学院	www.cqslzy.com
重庆	重庆工商职业学院	www.cqtbi.edu.cn
重庆	重庆民生职业技术学院	www.cqms.edu.cn
重庆	重庆房地产职业学院	www.cqbyxy.com
重庆	重庆城市管理职业学院	www.cswu.cn
重庆	重庆信息技术职业学院	www.cqeec.com
重庆	重庆警官职业学院	www.cqjy.com.cn
重庆	重庆城市职业学院	www.cqcvc.com.cn
重庆	重庆工程职业技术学院	www.cqvie.edu.cn
重庆	重庆青年职业技术学院	www.cqqzy.cn
重庆	重庆机电职业技术学院	www.cqevi.net.cn
福建	厦门大学	www.xmu.edu.cn
福建	华侨大学	www.hqu.edu.cn
福建	福建农林大学	www.fafu.edu.cn
福建	集美大学	www.jmu.edu.cn
福建	福州大学	www.fzu.edu.cn
福建	仰恩大学	www.yeu.edu.cn
福建	福建医科大学	www.fjmu.edu.cn
福建	福建师范大学	www.fjtu.edu.cn
福建	福建中医药大学	www.fjtcm.edu.cn
福建	厦门理工学院	www.xmut.edu.cn
福建	福建工程学院	www.fjut.edu.cn
福建	泉州师范学院	www.qztc.edu.cn
福建	漳州师范学院	www.fjzs.edu.cn
福建	龙岩学院	www.lyun.edu.cn
福建	莆田学院	202.101.111.193
福建	闽江学院	www.mju.edu.cn
福建	三明学院	www.smc.edu.cn
福建	武夷学院	www.nptc.edu.cn
福建	福建警察学院	www.fjpsc.edu.cn
福建	闽南理工学院	www.mnust.cn
福建	福建江夏学院	www.fjjxxy.cn jxxy
福建	宁德师范学院	www.ndsy.cn
福建	福州外语外贸学院	www.fzfu.com
福建	泉州医学高等专科学校	www.qzygz.com
福建	漳州城市职业学院	www.zcvc.cn
福建	福建商业高等专科学校	www.fjcc.edu.cn
福建	厦门医学高等专科学校	www.xmmc.com.cn
福建	泉州幼儿师范高等专科学校	www.qzys.net
福建	厦门华夏职业学院	www.hxxy.edu.cn
福建	漳州职业技术学院	www.fjzzy.org
福建	福建华南女子职业学院	www.hnwomen.com.cn
福建	泉州纺织服装职业学院	www.qzfzfz.com
福建	福建船政交通职业学院	www.fjcpc.edu.cn
福建	福州英华职业学院	www.fzacc.com
福建	黎明职业大学	www.lmu.cn
福建	厦门城市职业学院	www.xmcu.cn
福建	福建艺术职业学院	www.fjyszyxy.com
福建	福建生物工程职业技术学院	www.fjvcb.cn
福建	德化陶瓷职业技术学院	www.dhcc.cc
福建	厦门兴才学院	www.xmxc.com 
福建	福州软件职业技术学院	www.fzrjxy.com
福建	福建体育职业学院	www.fjipe.cn
福建	泉州华光摄影艺术学院	www.huaguang.org
福建	福州职业技术学院	www.fvti.cn
福建	泉州理工学院	www.qzit.edu.cn
福建	三明职业技术学院	www.smvtc.com
福建	泉州信息职业技术学院	www.qziedu.cn
福建	闽西职业技术学院	www.mxdx.net
福建	闽北职业技术学院	www.mbu.cn
福建	福州海峡职业技术学院	www.hxcollege.com
福建	福建警官职业学院	www.fjjgxy.com
福建	福建对外经济贸易职业技术学院	www.fibec.cn
福建	湄洲湾职业技术学院	www.fjmzw.com
广东	中山大学	www.sysu.edu.cn
广东	华南理工大学	www.scut.edu.cn
广东	暨南大学	www.jnu.edu.cn
广东	汕头大学	www.stu.edu.cn
广东	深圳大学	www.szu.edu.cn
广东	五邑大学	www.wyu.edu.cn
广东	广东工业大学	www.gdut.edu.cn
广东	华南农业大学	www.scau.edu.cn
广东	广东海洋大学	www.gdou.edu.cn
广东	广州中医药大学	www.gzhtcm.edu.cn
广东	南方医科大学	www.fimmu.com
广东	华南师范大学	www.scnu.edu.cn
广东	广东外语外贸大学	www.gdufs.edu.cn
广东	北京师范大学－香港浸会大学联合国际学院	uic.edu.hk
广东	广州大学	www.gzhu.edu.cn
广东	广东石油化工学院	www.gdpa.edu.cn
广东	肇庆学院	www.zqu.edu.cn
广东	东莞理工学院	www.dgut.edu.cn
广东	仲恺农业工程学院	www.zhku.edu.cn
广东	广东医学院	www.gdmc.edu.cn
广东	广州医学院	www.gzhmc.edu.cn
广东	广东药学院	www.gdpu.edu.cn
广东	惠州学院	www.hzu.edu.cn
广东	湛江师范学院	www.zhjnc.edu.cn
广东	韩山师范学院	www.hstc.edu.cn
广东	嘉应学院	www.jyu.edu.cn
广东	韶关学院	www.sgu.edu.cn
广东	广东金融学院	www.gduf.edu.cn
广东	广东商学院	www.gdcc.edu.cn
广东	广东警官学院	www.gdppla.edu.cn
广东	广州体育学院	www.gipe.edu.cn
广东	广州美术学院	www.gzarts.edu.cn
广东	星海音乐学院	www.xhcom.edu.cn
广东	广东技术师范学院	www.gdin.edu.cn
广东	广东培正学院	www.peizheng.net.cn
广东	广东白云学院	www.bvtc.edu.cn
广东	佛山科学技术学院	www.fosu.edu.cn
广东	广东第二师范学院	www.gdei.edu.cn
广东	广东科技学院	www.gdnanbo.com
广东	广州航海高等专科学校	www.gzhmt.edu.cn
广东	肇庆医学高等专科学校	www.zqyz.gd.cn
广东	私立华联学院	www.hlu.edu.cn
广东	民办南华工商学院	www.nhic.edu.cn
广东	广东食品药品职业学院	www.gdyzy.edu.cn
广东	广州番禺职业技术学院	www.gzpyp.edu.cn
广东	广东新安职业技术学院	www.gdxa.cn
广东	广东水利电力职业技术学院	www.gdsdxy.edu.cn
广东	广东农工商职业技术学院	www.gdaib.edu.cn
广东	广东交通职业技术学院	www.gdcp.cn
广东	广东松山职业技术学院	www.gdsspt.net
广东	广东轻工职业技术学院	www.gdqy.edu.cn
广东	广东理工职业学院	www.gdpi.edu.cn
广东	广东司法警官职业学院	www.gdsfjy.cn
广东	广东科贸职业学院	www.gdkm.edu.cn
广东	广东工程职业技术学院	www.gpc.net.cn
广东	广东邮电职业技术学院	www.gupt.net
广东	广东机电职业技术学院	www.gdmec.com
广东	广东岭南职业技术学院	www.lingnancollege.com.cn
广东	广东纺织职业技术学院	www.gditt.edu.cn
广东	广东外语艺术职业学院	www.gtcfla.net
广东	广东财经职业学院	www.gdufe.org
广东	广东行政职业学院	www.gdxzzy.cn
广东	广东女子职业技术学院	www.gdfs.edu.cn
广东	广东建设职业技术学院	www.gdcvi.net
广东	广东科学技术职业学院	www.gdit.edu.cn
广东	广东工贸职业技术学院	www.gdgm.cn
广东	广东亚视演艺职业学院	www.atvcn.com
广东	广东文艺职业学院	www.gdla.edu.cn
广东	广东体育职业技术学院	www.gdvcp.net
广东	广东环境保护工程职业学院	www.gdepc.cn
广东	广东江门艺华旅游职业学院	www.jmyhu.com
广东	广州民航职业技术学院	www.caac.net
广东	广州工程技术职业学院	www.gzvtc.cn
广东	广州城市职业学院	www.gcp.edu.cn
广东	广州华南商贸职业学院	www.hnsmxy.com
广东	广州科技贸易职业学院	www.gzkmu.com
广东	广州现代信息工程职业技术学院	www.gzmodern.cn
广东	广州华立科技职业学院	www.hlxy.net
广东	广州铁路职业技术学院	www.gtxy.gd.edu.cn
广东	广州体育职业技术学院	www.gztzy.edu.cn
广东	广州工商职业技术学院	www.gzgs.org.cn
广东	广州科技职业技术学院	www.gzkjxy.net
广东	广州南洋理工职业学院	www.nyjy.cn
广东	广州涉外经济职业技术学院	www.gziec.net
广东	广州城建职业学院	www.gzcjc.cn
广东	广州康大职业技术学院	www.kdvtc-edu.cn
广东	广州松田职业学院	www.sontanedu.cn
广东	广州珠江职业技术学院	www.gzzjedu.cn 
广东	广州华夏职业学院	www.gzhxtc.cn
广东	广州华商职业学院	www.gzhsvc.com
广东	南海东软信息技术职业学院	nanhai.neusoft.edu.cn
广东	中山火炬职业技术学院	www.zstp.gd.edu.cn
广东	深圳信息职业技术学院	www.sziit.com.cn
广东	珠海城市职业技术学院	www.zhcpt.net
广东	惠州经济职业技术学院	www.hzcollege.com
广东	肇庆工商职业技术学院	www.zqtbu.com
广东	肇庆科技职业技术学院	www.zqkjxy.com
广东	广东文理职业学院	www.zmstu.org.cn
广东	深圳职业技术学院	www.szpt.edu.cn
广东	潮汕职业技术学院	www.chaoshan.cn
广东	顺德职业技术学院	www.sdpt.com.cn
广东	佛山职业技术学院	www.fspt.net
广东	中山职业技术学院	www.zspt.cn
广东	汕头职业技术学院	stzy.stedu.net
广东	汕尾职业技术学院	www.swvtc.cn
广东	河源职业技术学院	www.hycollege.net
广东	阳江职业技术学院	www.yjcollege.net
广东	罗定职业技术学院	www.ldpoly.com
广东	揭阳职业技术学院	www.jyc.edu.cn
广东	清远职业技术学院	www.qypt.com.cn
广东	江门职业技术学院	www.jmpt.cn
广东	茂名职业技术学院	www.mmvtc.cn
广东	东莞职业技术学院	www.dgpt.edu.cn
广东	珠海艺术职业学院	www.zhac.net
广东	北京师范大学珠海分校	www.bnuep.com
广东	电子科技大学中山学院	www.zsc.edu.cn
广东	华南师范大学增城学院	www.scnuzc.cn
广东	广东工业大学华立学院	www.hualixy.com
黑龙江	东北林业大学	www.nefu.edu.cn
黑龙江	哈尔滨工业大学	www.hit.edu.cn
黑龙江	哈尔滨工程大学	www.hrbeu.edu.cn
黑龙江	黑龙江大学	www.hlju.edu.cn
黑龙江	佳木斯大学	www.jmsu.org
黑龙江	齐齐哈尔大学	www.qqhru.edu.cn
黑龙江	哈尔滨理工大学	www.hrbust.edu.cn
黑龙江	东北农业大学	www.neau.edu.cn
黑龙江	黑龙江八一农垦大学	www.hlau.cn
黑龙江	哈尔滨医科大学	www.hrbmu.edu.cn
黑龙江	黑龙江中医药大学	www.hljucm.net
黑龙江	哈尔滨师范大学	www.hrbnu.edu.cn
黑龙江	哈尔滨商业大学	www.hrbcu.edu.cn
黑龙江	东北石油大学	www.nepu.edu.cn
黑龙江	哈尔滨学院	www.hrbu.edu.cn
黑龙江	黑龙江工程学院	www.hljit.edu.cn
黑龙江	黑龙江科技学院	www.usth.edu.cn
黑龙江	牡丹江医学院	www.mdjmu.cn
黑龙江	齐齐哈尔医学院	www.qqhrmu.cn
黑龙江	大庆师范学院	www.dqsy.net
黑龙江	牡丹江师范学院	www.mdjnu.cn
黑龙江	哈尔滨德强商务学院	www.hrbtc.com
黑龙江	哈尔滨体育学院	www.hrbipe.edu.cn
黑龙江	绥化学院	www.shxy.net
黑龙江	黑龙江东方学院	www.dfxy.net
黑龙江	黑河学院	www.hhxyzsb.com
黑龙江	哈尔滨金融学院	www.hrbjz.edu.cn
黑龙江	齐齐哈尔工程学院	www.hdyu.com
黑龙江	哈尔滨华德学院	www.hithd.net
黑龙江	黑龙江外国语学院	www.hiu.edu.cn
黑龙江	哈尔滨剑桥学院	www.jqu.net.cn
河南	郑州大学	www.zzu.edu.cn
河南	河南大学	www.henu.edu.cn
河南	河南科技大学	www.haust.edu.cn
河南	河南理工大学	www.hpu.edu.cn
河南	河南工业大学	www.haut.edu.cn
河南	河南农业大学	www.henau.edu.cn
河南	河南师范大学	www.henannu.edu.cn
河南	河南财经政法大学	www.huel.edu.cn
河南	华北水利水电学院	www.ncwu.edu.cn
河南	郑州轻工业学院	www.zzuli.edu.cn
河南	中原工学院	www.zzti.edu.cn
河南	安阳工学院	www.ayit.edu.cn
河南	南阳理工学院	www.nyist.net
河南	黄河科技学院	www.hhstu.edu.cn
河南	郑州航空工业管理学院	www.zzia.edu.cn
河南	河南城建学院	www.hncj.edu.cn
河南	河南中医学院	www.hactcm.edu.cn
河南	新乡医学院	www.xxmu.edu.cn
河南	信阳师范学院	www.xytc.edu.cn
河南	南阳师范学院	www.nynu.edu.cn
河南	商丘师范学院	www.sqnc.edu.cn
河南	周口师范学院	www.zknu.edu.cn
河南	洛阳师范学院	www.lynu.cn
河南	安阳师范学院	www.aynu.edu.cn
河南	河南科技学院	www.hist.edu.cn
河南	黄淮学院	www.huanghuai.edu.cn
河南	平顶山学院	www.pdsu.edu.cn
河南	河南工程学院	www.haue.edu.cn
河南	洛阳理工学院	www.lit.edu.cn
河南	许昌学院	www.xctc.edu.cn
河南	新乡学院	www.xxu.edu.cn
河南	郑州华信学院	www.zzhxxy.com
河南	郑州科技学院	www.zzist.net
河南	郑州师范学院	www.zztc.com.cn
河南	河南警察学院	www.hngazk.edu.cn
河南	商丘工学院	www.sstvc.com
河南	郑州升达经贸管理学院	www.shengda.edu.cn
河南	商丘学院	www.hnhyedu.net
河南	铁道警官高等专科学校	www.tdjg.com.cn
河南	漯河医学高等专科学校	www.lhmc.edu.cn
河南	河南机电高等专科学校	www.hneeu.edu.cn
河南	郑州电力高等专科学校	www.zepc.edu.cn
河南	郑州牧业工程高等专科学校	www.zzcah.edu.cn
河南	信阳农业高等专科学校	www.xyac.edu.cn
河南	郑州澍青医学高等专科学校	www.shuqing.org
河南	商丘医学高等专科学校	www.sqyx.edu.cn
河南	南阳医学高等专科学校	www.nymc.cn
河南	焦作师范高等专科学校	www.jzsz.edu.cn
河南	河南商业高等专科学校	www.habc.edu.cn
河南	河南财政税务高等专科学校	www.hacz.edu.cn
河南	三门峡职业技术学院	www.smxpt.cn
河南	河南职业技术学院	www.hnzj.ha.cn
河南	郑州铁路职业技术学院	www.zzrvtc.com
河南	黄河水利职业技术学院	www.yrcti.edu.cn
河南	开封大学	www.kfu.cn
河南	中州大学	www.zhzhu.edu.cn
河南	焦作大学	www.jzu.edu.cn
河南	漯河职业技术学院	www.lhvtc.edu.cn
河南	郑州职业技术学院	www.zzyedu.cn
河南	河南司法警官职业学院	218.28.138.35
河南	河南工业贸易职业学院	www.hngm.cn
河南	平顶山工业职业技术学院	www.pzxy.edu.cn
河南	济源职业技术学院	www.jyvtc.com
河南	河南工业职业技术学院	www.hnpi.cn
河南	河南检察职业学院	www.hnjc.edu.cn
河南	郑州交通职业学院	www.jtxy.com
河南	河南经贸职业学院	www.hnjmxy.cn
河南	河南交通职业技术学院	www.hncc.net
河南	郑州旅游职业学院	www.zztrc.edu.cn
河南	信阳职业技术学院	www.xyvtc.cn
河南	永城职业学院	www.yczyxy.com
河南	郑州工业安全职业学院	www.zazy.cn
河南	嵩山少林武术职业学院	www.shaolinkungfu.edu.cn
河南	河南质量工程职业学院	www.zlxy.cn
河南	郑州电子信息职业技术学院	www.zyfb.com
河南	濮阳职业技术学院	www.pyvtc.cn
河南	河南农业职业学院	www.hnac.com.cn
河南	周口职业技术学院	www.zkvtc.edu.cn
河南	鹤壁职业技术学院	www.hbzy.edu.cn
河南	郑州经贸职业学院	www.zzjm.edu.cn
河南	郑州电力职业技术学院	www.zzdl.com
河南	商丘职业技术学院	www.sqzy.com.cn
河南	郑州信息科技职业学院	www.techcollege.cn
河南	许昌职业技术学院	www.xcitc.edu.cn
河南	河南建筑职业技术学院	www.hnjs.com.cn
河南	周口科技职业学院	www.zkkjxy.net
河南	郑州城市职业学院	www.brenda.edu.cn
河南	漯河食品职业学院	www.lsgx.com.cn
河南	新乡职业技术学院	www.xxvtc.com
河南	安阳职业技术学院	jsxy.anyangedu.com
河南	驻马店职业技术学院	www.zmdvtc.cn
河南	河南化工职业学院	www.haict.edu.cn
河南	河南艺术职业学院	www.hnarti.com
河南	开封文化艺术职业学院	www.kfvcca.com
河南	长垣烹饪职业技术学院	www.cyprxy.com
河南	焦作工贸职业学院	www.jzgmxy.com
河南	郑州信息工程职业学院	www.dfxx.com.cn
河南	郑州理工职业学院	www.zzlgxy.net
河南	许昌陶瓷职业学院	www.xccvc.com
河南	河南理工大学万方科技学院	202.196.225.55
河南	河南大学民生学院	minsheng.henu.edu.cn
河南	中原工学院信息商务学院	www.zcib.edu.cn
河南	安阳师范学院人文管理学院	shm.aynu.edu.cn
河南	河南师范大学新联学院	www.xlxy.net
河南	新乡医学院三全学院	www.sqmc.edu.cn
河南	河南科技学院新科学院	xink1.hist.edu.cn
河南	信阳师范学院华锐学院	www.hrxy.edu.cn
河南	河南财经政法大学成功学院	www.chenggong.edu.cn
湖北	武汉大学	www.whu.edu.cn
湖北	中南财经政法大学	www.znufe.edu.cn
湖北	华中科技大学	www.hust.edu.cn
湖北	武汉理工大学	www.whut.edu.cn
湖北	中国地质大学	www.cug.edu.cn
湖北	华中农业大学	www.hzau.edu.cn
湖北	华中师范大学	www.ccnu.edu.cn
湖北	中南民族大学	www.scuec.edu.cn
湖北	湖北大学	www.hubu.edu.cn
湖北	长江大学	www.yangtzeu.edu.cn
湖北	三峡大学	www.ctgu.edu.cn
湖北	江汉大学	www.jhun.edu.cn
湖北	武汉科技大学	www.wust.edu.cn
湖北	湖北工业大学	www.hbut.edu.cn
湖北	武汉工程大学	www.wit.edu.cn
湖北	武汉纺织大学	www.wuse.edu.cn
湖北	湖北中医药大学	www.hbtcm.edu.cn
湖北	武汉工业学院	www.whpu.edu.cn
湖北	湖北汽车工业学院	www.qcxy.hb.cn
湖北	湖北医药学院	job.hbmu.edu.cn
湖北	湖北工程学院	www.xgu.cn
湖北	黄冈师范学院	www.hgnu.cn
湖北	湖北师范学院	www.hbnu.edu.cn
湖北	湖北经济学院	www.hbue.edu.cn
湖北	湖北警官学院	www.hbpa.edu.cn
湖北	武汉体育学院	www.wipe.edu.cn
湖北	湖北美术学院	www.hifa.edu.cn
湖北	武汉音乐学院	www.whcm.edu.cn
湖北	湖北民族学院	www.hbmy.edu.cn
湖北	湖北文理学院	www.hbuas.edu.cn
湖北	湖北理工学院	www.hsit.edu.cn
湖北	湖北科技学院	www.enxnc.com.cn
湖北	荆楚理工学院	www.jcut.edu.cn
湖北	湖北第二师范学院	www.hubce.edu.cn
湖北	武汉生物工程学院	www.whsw.cn
湖北	武汉东湖学院	dh.whu.edu.cn
湖北	武汉长江工商学院	www.wybu.cn
湖北	汉口学院	www.bsccnu.net.cn
湖北	武昌理工学院	www.znuni.cn
湖北	湖北中医药高等专科学校	www.hbzyy.org
湖北	郧阳师范高等专科学校	www.yytc.net.cn
湖北	湖北财经高等专科学校	www.hbcz.com
湖北	武汉船舶职业技术学院	www.wspc.edu.cn
湖北	武汉商业服务学院	www.whcsc.edu.cn
湖北	黄冈职业技术学院	www.hbhgzy.com.cn
湖北	武汉职业技术学院	www.wtc.edu.cn
湖北	武汉工贸职业学院	whitvc.zsxx.e21.edu.cn
湖北	长江职业学院	www.cjxy.edu.cn
湖北	湖北职业技术学院	www.hbvtc.edu.cn
湖北	襄樊职业技术学院	hbxftc.com
湖北	恩施职业技术学院	www.eszy.edu.cn
湖北	鄂州职业大学	www.ezu.net.cn
湖北	十堰职业技术学院	www.syzy.com.cn
湖北	荆州理工职业学院	www.ssdx.net
湖北	武汉工业职业技术学院	www.wgy.cn
湖北	黄冈科技职业学院	www.hbhgkj.com
湖北	湖北生态工程职业技术学院	www.hb-green.com
湖北	湖北生物科技职业学院	www.hbswkj.com
湖北	湖北财税职业学院	www.hbftc.org.cn
湖北	鄂东职业技术学院	www.edzy.cn
湖北	随州职业技术学院	www.szvtc.cn
湖北	三峡电力职业学院	www.tgcep.cn
湖北	江汉艺术职业学院	www.hbjhart.com
湖北	湖北青年职业学院	www.hbqnxy.com
湖北	湖北城市建设职业技术学院	www.ucvc.net
湖北	武汉民政职业学院	www.whmzxy.cn
湖北	武汉科技职业学院	www.whkjzy.cn
湖北	武汉铁路职业技术学院	www.wru.com.cn
湖北	武汉航海职业技术学院	www.whhhxy.com
湖北	湖北艺术职业学院	www.artschool.com.cn
湖北	湖北三峡职业技术学院	www.tgc.edu.cn
湖北	武汉警官职业学院	www.whpa.cn
湖北	武汉电力职业技术学院	www.whetc.hb.sgcc.com.cn
湖北	湖北科技职业学院	www.hubstc.com.cn
湖北	湖北水利水电职业技术学院	www.hbsy.cn
湖北	武汉外语外事职业学院	www.whflfa.com
湖北	武汉商贸职业学院	www.whicu.com
湖北	武汉交通职业学院	www.whjzy.net
湖北	武汉软件工程职业学院	www.whvcse.com
湖北	湖北国土资源职业学院	www.hbgt.com.cn
湖北	武汉信息传播职业技术学院	www.whinfo.cn
湖北	长江工程职业技术学院	www.cj-edu.com.cn
湖北	武汉语言文化职业学院	www.wlci.com.cn
湖北	湖北开放职业学院	www.hbou.cn
湖北	仙桃职业学院	www.hbxtzy.com
湖北	武汉工程职业技术学院	www.wgxy.net
湖北	荆州职业技术学院	www.jzit.net.cn
湖北	湖北轻工职业技术学院	www.hbliti.com
湖北	湖北交通职业技术学院	www.hbctc.edu.cn
湖北	咸宁职业技术学院	www.xnec.cn
湖北	黄石职业技术学院	www.hspt.net.cn
湖北	武汉城市职业学院	www.whcvc.cn
湖北	三峡旅游职业技术学院	www.sxlyzy.edu.cn
湖北	华中科技大学武昌分校	www.hustwb.edu.cn
湖北	华中科技大学文华学院	www.hustwenhua.net
湖北	中南财经政法大学武汉学院	www.whxy.net
湖北	武汉理工大学华夏学院	www.1957.cn
湖北	湖北大学知行学院	www.hudazx.cn
湖北	三峡大学科技学院	210.42.35.198
湖北	武汉科技大学城市学院	www.city.wust.edu.cn
湖北	湖北工业大学工程技术学院	gcxy.hbut.edu.cn
湖北	湖北工业大学商贸学院	www.hugsm.e21.edu.cn
湖北	武汉工业学院工商学院	www.wpuic.net.cn
湖北	武汉工程大学邮电与信息工程学院	www.witpt.edu.cn
湖北	武汉科技学院外经贸学院	zsxx.e21.cn sqlimg school_html_jt 2003_05_29 article_5626.htm
湖北	江汉大学文理学院	www.jdwlxy.cn:8080
湖北	湖北汽车工业学院科技学院	kjxy.qcxy.hb.cn
湖北	湖北经济学院法商学院	fsxy.hbue.edu.cn
湖北	武汉体育学院体育科技学院	www.kjxy.wipe.edu.cn
湖北	湖北师范学院文理学院	www.wlxy.hbnu.edu.cn
湖北	湖北工程学院新技术学院	www.xgutc.cn
湖北	湖北民族学院科技学院	www.hbmykjxy.cn
湖北	郧阳医学院药护学院	yhxy.zsxx.e21.edu.cn
湖北	湖北文理学院理工学院	www.xfstu.net.cn 2012
湖北	中国地质大学江城学院	www.jccug.com
湖北	长江大学文理学院	wlxy.yangtzeu.edu.cn
湖北	长江大学工程技术学院	gcxy.yangtzeu.edu.cn
湖北	华中师范大学武汉传媒学院	www.whmc.edu.cn
湖北	华中农业大学楚天学院	ctxy.hzau.edu.cn
湖北	武汉大学珞珈学院	luojia-whu.cn
湖南	国防科学技术大学	www.nudt.edu.cn
湖南	中南大学	www.csu.edu.cn
湖南	湖南大学	www.hnu.cn
湖南	长沙理工大学	www.csust.edu.cn
湖南	湖南师范大学	www.hunnu.edu.cn
湖南	湖南科技大学	www.hnust.edu.cn
湖南	湘潭大学	www.xtu.edu.cn
湖南	吉首大学	www.jsu.edu.cn
湖南	南华大学	www.usc.edu.cn
湖南	湖南工业大学	www.zhuzit.edu.cn cn
湖南	湖南农业大学	www.hunau.net
湖南	湖南中医药大学	www.hnctcm.com
湖南	中南林业科技大学	www.csuft.com
湖南	长沙学院	www.ccsu.cn
湖南	湖南城市学院	www.hncu.net
湖南	湖南工程学院	www.hnie.edu.cn
湖南	湖南理工学院	www.hnist.cn
湖南	长沙医学院	www.csmu.edu.cn
湖南	衡阳师范学院	www.hynu.edu.cn
湖南	湘南学院	www.xnu.edu.cn
湖南	湖南涉外经济学院	www.hunaneu.com
湖南	湖南商学院	www.hnuc.edu.cn
湖南	湖南文理学院	www.huas.cn
湖南	怀化学院	www.hhtc.edu.cn
湖南	湖南科技学院	www.huse.cn
湖南	邵阳学院	www.hnsyu.net
湖南	湖南人文科技学院	www.hnrku.net.cn
湖南	湖南工学院	www.hnpu.edu.cn
湖南	湖南第一师范学院	www.hnfnc.edu.cn
湖南	湖南女子学院	www.hnnd.com.cn
湖南	湖南财政经济学院	www.hncz.edu.cn
湖南	湖南警察学院	www.hnpolice.com
湖南	怀化医学高等专科学校	www.yizhuan.com
湖南	湖南中医药高等专科学校	www.hntcmc.net
湖南	邵阳医学高等专科学校	www.hnsyyz.cn
湖南	益阳医学高等专科学校	www.hnyyyz.com
湖南	湖南科技工业职业技术学院	www.chnbd.com
湖南	湖南环境生物职业技术学院	www.hnebp.edu.cn
湖南	湖南水利水电职业技术学院	www.hnslsdxy.com
湖南	湖南安全技术职业学院	www.cssttc.gov.cn
湖南	湖南商务职业技术学院	www.hnswxy.com
湖南	湖南交通职业技术学院	www.hnjtzy.com.cn
湖南	湖南外国语职业学院	www.hnflc.cn
湖南	湖南电子科技职业学院	www.8379888.com
湖南	湖南生物机电职业技术学院	www.hnbemc.com
湖南	湖南铁路科技职业技术学院	www.hntky.com
湖南	湖南艺术职业学院	www.arthn.com
湖南	湖南铁道职业技术学院	www.hnrpc.com
湖南	湖南工业职业技术学院	www.hunangy.com
湖南	湖南大众传媒职业技术学院	www.hnmmc.cn
湖南	湖南信息职业技术学院	www.hniu.com
湖南	湖南现代物流职业技术学院	www.56edu.com
湖南	湖南同德职业学院	www.tongde.com
湖南	湖南九嶷职业技术学院	www.4744edu.com
湖南	湖南软件职业学院	www.hnsoftedu.com
湖南	湖南外贸职业学院	www.hnwmxy.com
湖南	湖南石油化工职业技术学院	www.hnshzy.cn
湖南	湖南化工职业技术学院	www.hnhgzy.com
湖南	湖南城建职业技术学院	www.hnucc.com
湖南	湖南电气职业技术学院	www.hnjd.net.cn
湖南	湖南信息科学职业学院	www.hnisc.com
湖南	湖南科技经贸职业学院	www.hnkjjm.com
湖南	湖南理工职业技术学院	www.xlgy.com
湖南	湖南高速铁路职业技术学院	www.htcce.com
湖南	湖南工艺美术职业学院	www.hnmeida.com.cn
湖南	湖南网络工程职业学院	www.hnevc.com
湖南	湖南司法警官职业学院	220.168.57.155
湖南	湖南机电职业技术学院	www.hnjdzy.net
湖南	湖南体育职业学院	tyzy.hnedu.cn
湖南	湖南民族职业学院	www.hnvc.net.cn
湖南	湖南工程职业技术学院	www.hngcjx.com.cn
湖南	湖南科技职业学院	www.hnkjxy.net.cn
湖南	湖南都市职业学院	www.hnupc.net
湖南	湖南高尔夫旅游职业学院	www.2823333.com
湖南	娄底职业技术学院	www.ldzy.com
湖南	湖南工商职业学院	www.hnlgxy.com
湖南	长沙航空职业技术学院	www.cavtc.cn
湖南	长沙民政职业技术学院	www.csmzxy.com
湖南	长沙电力职业技术学院	www.cseptc.hn.sgcc.com.cn
湖南	长沙师范学校	www.cssf.cn
湖南	长沙环境保护职业技术学院	www.hbcollege.com.cn
湖南	长沙商贸旅游职业技术学院	www.hncpu.com
湖南	长沙南方职业学院	www.nfdx.net
湖南	长沙通信职业技术学院	www.csctc.net
湖南	长沙职业技术学院	www.cszyedu.cn
湖南	张家界航空工业职业技术学院	www.zjjhy.net
湖南	衡阳财经工业职业技术学院	www.hycgy.com
湖南	湘西民族职业技术学院	www.xxmzy.com
湖南	永州职业技术学院	www.hnyzzy.com
湖南	株洲职业技术学院	www.zzptc.com
湖南	潇湘职业学院	www.hnxxc.com
湖南	怀化职业技术学院	www.hhptc.com.cn
湖南	岳阳职业技术学院	www.yyzy.cn
湖南	常德职业技术学院	www.cdzy.cn
湖南	保险职业学院	www.bxxy.com
湖南	益阳职业技术学院	www.yyvtc.cn
湖南	邵阳职业技术学院	www.syzyedu.com
湖南	郴州职业技术学院	www.czzy-edu.com
湖南	湘潭职业技术学院	www.xtzy.com
湖南	湖南师范大学树达学院	sdw.hunnu.edu.cn
湖南	湖南商学院北津学院	www.bjxy.net.cn
湖南	中南林业科技大学涉外学院	new.zswxy.cn
湖南	湖南农业大学东方科技学院	www.hnaues.com
湖南	长沙理工大学城南学院	www.csust.edu.cn
湖南	湖南科技大学潇湘学院	dep.hnust.edu.cn
湖南	湖南工业大学科技学院	www.hnut-d.com 
湖南	湘潭大学兴湘学院	xxxy.xtu.edu.cn
湖南	南华大学船山学院	usc.edu.cn csxy
湖南	湖南文理学院芙蓉学院	www.hnuf.cn
湖南	湖南理工学院南湖学院	61.187.92.236 nh 
湖南	吉首大学张家界学院	zjj.jsu.edu.cn
湖南	湖南工程学院应用技术学院	www.hnieyy.cn
湖南	湖南中医药大学湘杏学院	www.hnzyxx.com
湖南	衡阳师范学院南岳学院	nyxy.hynu.cn
江苏	南京大学	www.nju.edu.cn
江苏	东南大学	www.seu.edu.cn
江苏	中国矿业大学	www.cumt.edu.cn
江苏	河海大学	www.hhu.edu.cn
江苏	江南大学	www.sytu.edu.cn
江苏	南京农业大学	www.njau.edu.cn
江苏	中国药科大学	www.cpu.edu.cn
江苏	南京理工大学	www.njust.edu.cn
江苏	南京航空航天大学	www.nuaa.edu.cn
江苏	苏州大学	www.suda.edu.cn
江苏	扬州大学	www.yzu.edu.cn
江苏	江苏大学	www.ujs.edu.cn
江苏	南京邮电大学	www.njupt.edu.cn
江苏	江苏科技大学	www.just.edu.cn
江苏	南京工业大学	www.njut.edu.cn
江苏	南京林业大学	www.njfu.edu.cn
江苏	南京医科大学	www.njmu.edu.cn
江苏	南京中医药大学	www.njutcm.edu.cn
江苏	南京师范大学	www.njnu.edu.cn
江苏	江苏师范大学	www.xznu.edu.cn
江苏	南京财经大学	www.njue.edu.cn
江苏	南通大学	www.ntu.edu.cn
江苏	常州大学	www.jpu.edu.cn
江苏	西交利物浦大学	www.xjtlu.edu.cn
江苏	南京信息工程大学	www.nuist.edu.cn
江苏	淮阴工学院	www.hyit.edu.cn
江苏	徐州工程学院	www.xzit.edu.cn
江苏	淮海工学院	www.hhit.edu.cn
江苏	常州工学院	www.czu.cn
江苏	盐城工学院	www.ycit.cn
江苏	金陵科技学院	www.jit.edu.cn
江苏	南京工程学院	www.njit.edu.cn
江苏	徐州医学院	www.xzmc.edu.cn
江苏	江苏技术师范学院	www.jstu.edu.cn
江苏	淮阴师范学院	www.hytc.edu.cn
江苏	南京晓庄学院	www.njxzc.edu.cn
江苏	盐城师范学院	www.yctc.edu.cn
江苏	苏州科技学院	www.usts.edu.cn
江苏	南京审计学院	www.nau.edu.cn
江苏	江苏警官学院	www.jspi.cn
江苏	南京体育学院	www.nipes.cn
江苏	南京艺术学院	www.njarti.edu.cn
江苏	常熟理工学院	www.cslg.cn
江苏	三江学院	www.sju.js.cn
江苏	南京森林警察学院	www.forestpolice.net
江西	南昌大学	www.ncu.edu.cn
江西	江西理工大学	www.jxust.cn 
江西	华东交通大学	www.ecjtu.jx.cn
江西	江西农业大学	www.jxau.edu.cn
江西	江西师范大学	www.jxnu.edu.cn
江西	江西财经大学	www.jxufe.edu.cn
江西	东华理工大学	www.ecit.edu.cn
江西	南昌航空大学	www.nchu.edu.cn 
江西	景德镇陶瓷学院	www.jci.edu.cn 
江西	南昌工程学院	www.nit.edu.cn
江西	南昌理工学院	www.nclg.com.cn
江西	江西中医学院	www.jxtcmi.com
江西	赣南医学院	www.gmu.cn 
江西	上饶师范学院	www.sru.jx.cn
江西	赣南师范学院	www.gnnu.cn
江西	江西科技师范学院	www.jxstnu.cn
江西	井冈山大学	www.jgsu.edu.cn
江西	江西科技学院	www.jxbsu.com 
江西	九江学院	www.jju.edu.cn
江西	宜春学院	www.ycu.jx.cn
江西	新余学院	www.xyc.edu.cn
江西	江西警察学院	www.jxga.com
江西	江西服装学院	www.fuzhuang.com.cn
江西	南昌工学院	www.ncgxy.com
江西	九江职业大学	www.jjvu.jx.cn
江西	江西中医药高等专科学校	www.jxtcms.net
江西	萍乡高等专科学校	www.pxc.jx.cn
江西	景德镇高等专科学校	www.jcc.jx.cn
江西	九江职业技术学院	www.jvtc.jx.cn
江西	江西工业职业技术学院	www.jxgzy.cn 
江西	南昌师范高等专科学校	www.nctc.com.cn 
江西	江西科技职业学院	www.jxkeda.com
江西	江西先锋软件职业技术学院	www.aheadedu.com
江西	江西经济管理职业学院	www.jiea.cn
辽宁	大连理工大学	www.dlut.edu.cn
辽宁	东北大学	www.neu.edu.cn
辽宁	大连海事大学	www.dlmu.edu.cn
辽宁	辽宁大学	www.lnu.edu.cn
辽宁	大连大学	www.dlu.edu.cn
辽宁	沈阳大学	www.syu.edu.cn
辽宁	沈阳理工大学	www.syit.edu.cn
辽宁	辽宁工程技术大学	www.lntu.edu.cn
辽宁	沈阳工业大学	www.sut.edu.cn
辽宁	沈阳建筑大学	www.sjzu.edu.cn
辽宁	辽宁石油化工大学	www.lnpu.edu.cn
辽宁	大连交通大学	www.djtu.edu.cn
辽宁	辽宁科技大学	www.ustl.edu.cn 
辽宁	辽宁工业大学	www.lnit.edu.cn
辽宁	大连工业大学	www.dlpu.edu.cn
辽宁	沈阳农业大学	www.syau.edu.cn
辽宁	中国医科大学	www.cmu.edu.cn
辽宁	大连医科大学	www.dlmedu.edu.cn
辽宁	辽宁中医药大学	www.lnutcm.edu.cn
辽宁	沈阳药科大学	www.syphu.edu.cn
辽宁	辽宁师范大学	www.lnnu.edu.cn
辽宁	沈阳师范大学	www.synu.edu.cn
辽宁	渤海大学	www.bhu.edu.cn
辽宁	东北财经大学	www.dufe.edu.cn
辽宁	沈阳化工大学	www.syuct.edu.cn 
辽宁	沈阳航空航天大学	www.sau.edu.cn 
辽宁	大连海洋大学	www.dlfu.edu.cn 
辽宁	大连民族学院	www.dlnu.edu.cn
辽宁	中国刑事警察学院	www.ccpc.edu.cn
辽宁	沈阳工程学院	www.syce.edu.cn
辽宁	辽宁科技学院	www.lnist.edu.cn
辽宁	大连东软信息学院	www.neusoft.edu.cn
辽宁	辽宁医学院	www.lnmu.edu.cn
辽宁	沈阳医学院	www.symc.edu.cn
辽宁	鞍山师范学院	www.asnc.edu.cn
辽宁	大连外国语学院	www.dlufl.edu.cn
辽宁	辽宁财贸学院	www.lncmxy.com
辽宁	沈阳体育学院	www.syty.edu.cn
辽宁	鲁迅美术学院	www.lumei.edu.cn
辽宁	沈阳音乐学院	www.sycm.com.cn
辽宁	大连艺术学院	www.dac.edu.cn
辽宁	辽东学院	www.ldxy.cn
辽宁	辽宁对外经贸学院	www.luibe.edu.cn
辽宁	大连科技学院	www.dist.edu.cn
内蒙	内蒙古大学	www.imu.edu.cn
内蒙	内蒙古科技大学	www.imust.cn
内蒙	内蒙古民族大学	www.imun.edu.cn
内蒙	内蒙古工业大学	www.imut.edu.cn
内蒙	内蒙古农业大学	www.imau.edu.cn
内蒙	内蒙古师范大学	www.imnu.edu.cn
内蒙	内蒙古医学院	www.immc.edu.cn
内蒙	呼伦贝尔学院	www.hlbrc.cn
内蒙	呼和浩特民族学院	www.imnc.edu.cn
内蒙	赤峰学院	www.cfxy.cn
内蒙	集宁师范学院	www.jnsz.nm.cn
内蒙	内蒙古财经学院	www.imfec.edu.cn
内蒙	乌兰察布医学高等专科学校	www.wlcbswx.com
内蒙	河套大学	www.hetaodaxue.com
内蒙	包头职业技术学院	www.btzyjsxy.cn
内蒙	内蒙古建筑职业技术学院	www.imaa.edu.cn
内蒙	乌海职业技术学院	www.whvtc.net
内蒙	包头钢铁职业技术学院	www.btsvc.net 
内蒙	科尔沁艺术职业学院	www.keqysxy.com.cn
内蒙	包头铁道职业技术学院	www.bttzy.com 
内蒙	内蒙古商贸职业学院	www.nmsmxy.com
内蒙	鄂尔多斯职业学院	www.ordosvc.cn
内蒙	内蒙古交通职业技术学院	www.nmjtzy.com
内蒙	内蒙古机电职业技术学院	www.nmgjdxy.com
内蒙	内蒙古科技职业学院	www.imstu.org.cn
内蒙	内蒙古电子信息职业技术学院	www.imeic.cn 
内蒙	锡林郭勒职业学院	www.xlglvc.cn
内蒙	呼和浩特职业学院	www.hhvc.net.cn
内蒙	包头轻工职业技术学院	www.btqy.com.cn
内蒙	乌兰察布职业学院	www.wlcbzyxy.com.cn
内蒙	通辽职业学院	www.tlzyxy.com
内蒙	内蒙古化工职业学院	www.hgzyxy.com.cn
内蒙	内蒙古经贸外语职业学院	www.nmgjwy.com
内蒙	赤峰职业技术学院	www.cfzyjsxy.com
山东	山东大学	www.sdu.edu.cn
山东	中国海洋大学	www.ouc.edu.cn
山东	中国石油大学(华东)	www.upc.edu.cn
山东	青岛大学	www.qdu.edu.cn
山东	山东科技大学	www.sdust.edu.cn
山东	山东理工大学	www.sdut.edu.cn
山东	聊城大学	www.lcu.edu.cn
山东	烟台大学	www.ytu.edu.cn
山东	青岛科技大学	www.qust.edu.cn
山东	青岛理工大学	www.qtech.edu.cn
山东	济南大学	www.ujn.edu.cn
山东	山东建筑大学	www.sdai.edu.cn
山东	山东农业大学	www.sdau.edu.cn
山东	山东中医药大学	www.sdutcm.edu.cn
山东	山东师范大学	www.sdnu.edu.cn
山东	曲阜师范大学	www.qfnu.edu.cn
山东	鲁东大学	www.ldu.edu.cn
山东	青岛农业大学	www.qau.edu.cn
山东	山东轻工业学院	www.sdili.edu.cn
山东	山东交通学院	www.sdjtu.edu.cn
山东	潍坊医学院	www.wfmc.edu.cn
山东	泰山医学院	www.tsmc.edu.cn
山东	滨州医学院	www.bzmc.edu.cn
山东	济宁医学院	www.jnmc.edu.cn
山东	临沂大学	www.lyu.edu.cn
山东	山东政法学院	www.sdupsl.edu.cn
山东	潍坊学院	www.wfu.edu.cn
山东	德州学院	www.dzu.edu.cn
山东	山东财经大学（筹）	www.sdie.edu.cn
山东	青岛工学院	www.oucqdc.edu.cn
山东	山东工商学院	www.sdibt.edu.cn
山东	山东警察学院	www.sdpc.edu.cn
山东	山东体育学院	www.sdpei.edu.cn
山东	山东艺术学院	www.sdca.edu.cn
山东	山东工艺美术学院	www.sdada.edu.cn
山东	菏泽学院	www.hezeu.edu.cn
山东	青岛滨海学院	www.binhaicollege.com
山东	烟台南山学院	www.nanshan.edu.cn
山东	滨州学院	www.bzu.edu.cn
山东	枣庄学院	www.uzz.edu.cn
山东	泰山学院	www.tsu.edu.cn
山东	济宁学院	www.jnxy.edu.cn
山东	山东万杰医学院	www.wjmu.net
山东	潍坊科技学院	www.wfkjxy.com.cn
山东	山东英才学院	www.ycxy.com
山东	齐鲁师范学院	www.qlnu.edu.cn
山东	山东青年政治学院	www.sdyu.edu.cn
山东	山东女子学院	www.sdwu.edu.cn
山东	山东协和学院	www.sdxiehe.com
山东	青岛黄海学院	www.huanghaicollege.com
上海	复旦大学	www.fudan.edu.cn
上海	同济大学	www.tongji.edu.cn
上海	上海交通大学	www.sjtu.edu.cn
上海	华东理工大学	www.ecust.edu.cn
上海	东华大学	www.dhu.edu.cn
上海	华东师范大学	www.ecnu.edu.cn
上海	上海外国语大学	www.shisu.edu.cn
上海	上海财经大学	www.shufe.edu.cn
上海	上海大学	www.shu.edu.cn
上海	上海理工大学	www.usst.edu.cn
上海	上海海事大学	www.shmtu.edu.cn
上海	上海工程技术大学	www.sues.edu.cn
上海	上海海洋大学	www.shfu.edu.cn
上海	上海中医药大学	www.shutcm.com
上海	上海师范大学	www.shnu.edu.cn
上海	华东政法大学	www.ecupl.edu.cn
上海	上海海关学院	shanghai_edu.customs.gov.cn
上海	上海建桥学院	www.gench.com.cn
上海	上海政法学院	www.shupl.edu.cn
上海	上海应用技术学院	www.sit.edu.cn 
上海	上海第二工业大学	www.shspu.edu.cn
上海	上海电机学院	www.sdju.edu.cn
上海	上海电力学院	www.shiep.edu.cn
上海	上海对外贸易学院	www.shift.edu.cn
上海	上海金融学院	www.shfc.edu.cn
上海	上海立信会计学院	www.lixin.edu.cn
上海	上海体育学院	www.sus.edu.cn
上海	上海音乐学院	www.shcmusic.edu.cn
上海	上海戏剧学院	www.sta.edu.cn
上海	上海商学院	www.sbs.edu.cn
上海	上海杉达学院	www.sandau.edu.cn
陕西	西安交通大学	www.xjtu.edu.cn
陕西	长安大学	www.chd.edu.cn
陕西	西安电子科技大学	www.xidian.edu.cn
陕西	西北农林科技大学	www.nwsuaf.edu.cn
陕西	陕西师范大学	www.snnu.edu.cn
陕西	西北工业大学	www.nwpu.edu.cn
陕西	西北大学	www.nwu.edu.cn
陕西	延安大学	www.yau.edu.cn
陕西	西安理工大学	www.xaut.edu.cn
陕西	西安建筑科技大学	www.xauat.edu.cn
陕西	西安科技大学	www.xust.edu.cn
陕西	西安石油大学	www.xapi.edu.cn
陕西	西安工程大学	www.xpu.edu.cn
陕西	西安工业大学	www.xatu.cn
陕西	西安外国语大学	www.xisu.edu.cn
陕西	陕西科技大学	www.sust.edu.cn
陕西	西安邮电学院	www.xiyou.edu.cn
陕西	陕西中医学院	www.sntcm.edu.cn
陕西	西安医学院	www.xiyi.edu.cn
陕西	渭南师范学院	www.wntc.edu.cn
陕西	榆林学院	www.yulinu.edu.cn 
陕西	陕西理工学院	www.snut.edu.cn
陕西	咸阳师范学院	www.xysfxy.cn
陕西	宝鸡文理学院	www.bjwlxy.cn 
陕西	西安财经学院	www.xaufe.edu.cn
陕西	西北政法大学	www.nwupl.cn
陕西	西安体育学院	www.xaipe.edu.cn
陕西	西安美术学院	www.xafa.edu.cn
陕西	西安音乐学院	www.xacom.edu.cn
陕西	西京学院	www.xijing.com.cn
陕西	西安文理学院	www.xawl.org
陕西	安康学院	www.aku.edu.cn
陕西	西安培华学院	www.peihua.cn
陕西	西安欧亚学院	www.eurasia.edu
陕西	西安外事学院	www.xaiu.edu.cn
陕西	西安翻译学院	www.xfuedu.org
陕西	商洛学院	www.slxy.cn 
陕西	西安思源学院	www.xasyu.cn
陕西	陕西国际商贸学院	www.csiic.com
陕西	陕西服装工程学院	www.sxfu.org
四川	四川大学	www.scu.edu.cn
四川	西南交通大学	www.swjtu.edu.cn
四川	电子科技大学	www.uestc.edu.cn
四川	西南财经大学	www.swufe.edu.cn
四川	西南民族大学	www.swun.edu.cn
四川	成都理工大学	www.cdut.edu.cn
四川	西华大学	www.xhu.edu.cn
四川	西南科技大学	www.swust.edu.cn
四川	四川农业大学	www.sicau.edu.cn
四川	成都中医药大学	www.cdutcm.edu.cn
四川	四川师范大学	www.sicnu.edu.cn
四川	西华师范大学	www.cwnu.edu.cn
四川	中国民用航空飞行学院	www.cafuc.edu.cn
四川	西南石油大学	www.swpu.edu.cn
四川	四川理工学院	www.sasu.edu.cn
四川	成都信息工程学院	www.cuit.edu.cn
四川	泸州医学院	www.lzmc.edu.cn
四川	川北医学院	www.nsmc.edu.cn
四川	成都医学院	www.cmc.edu.cn
四川	乐山师范学院	www.lstc.net
四川	四川文理学院	www.sasu.edu.cn
四川	内江师范学院	www.njtc.edu.cn
四川	四川警察学院	www.scpolicec.edu.cn
四川	成都体育学院	www.cdsu.edu.cn
四川	四川音乐学院	www.sccm.cn
四川	四川民族学院	www.scun.edu.cn
四川	绵阳师范学院	www.mnu.cn 
四川	宜宾学院	www.yibinu.cn
四川	攀枝花学院	www.pzhu.edu.cn
四川	成都学院	www.cdu.edu.cn
四川	西昌学院	www.xcc.sc.cn
四川	成都东软学院	www.ccniit.com
新疆	新疆大学	www.xju.edu.c
新疆	石河子大学	www.shzu.edu.cn
新疆	新疆农业大学	www.xjau.edu.cn
新疆	塔里木大学	www.taru.edu.cn
新疆	新疆医科大学	www.xjmu.edu.cn
新疆	新疆师范大学	www.xjnu.edu.cn
新疆	喀什师范学院	www.kstc.edu.cn
新疆	伊犁师范学院	www.ylsy.edu.cn
新疆	新疆财经大学	www.xjufe.edu.cn
新疆	新疆艺术学院	www.xjart.edu.cn
新疆	昌吉学院	www.cjc.net.cn
新疆	新疆工业高等专科学校	www.xgz.edu.cn
新疆	新疆维吾尔医学专科学校	www.xjumc.cn 
新疆	和田师范专科学校	www.htszedu.cn 
新疆	新疆警官高等专科学校	www.xjjz.cn
新疆	新疆兵团警官高等专科学校	www.xjbtjx.com
新疆	乌鲁木齐职业大学	www.uvu.edu.cn
新疆	新疆农业职业技术学院	www.xjnzy.edu.cn
新疆	克拉玛依职业技术学院	www.kzjsxy.net
新疆	新疆机电职业技术学院	www.xjjd.com.cn 
新疆	新疆轻工职业技术学院	www.xjqg.edu.cn
新疆	伊犁职业技术学院	www.ylzyjs.cn
新疆	新疆建设职业技术学院	www.xjjszy.net 
新疆	昌吉职业技术学院	www.cjpt.cn
新疆	新疆能源职业技术学院	www.xjnyedu.com
新疆	巴音郭楞职业技术学院	www.xjbyxy.cn
新疆	阿克苏职业技术学院	www.akszy.com
新疆	新疆现代职业技术学院	www.xjxiandai.net 
新疆	新疆石河子职业技术学院	www.xjshzzy.com
新疆	新疆交通职业技术学院	www.xjjtedu.com
新疆	新疆天山职业技术学院	www.xjtsxy.cn
新疆	新疆职业大学	www.xjvu.edu.cn
浙江	浙江大学	www.zju.edu.cn
浙江	宁波大学	www.nbu.edu.cn
浙江	浙江工业大学	www.zjut.edu.cn
浙江	杭州电子科技大学	www.hdu.edu.cn
浙江	浙江理工大学	www.zist.edu.cn
浙江	浙江中医药大学	www.zjtcm.net
浙江	浙江师范大学	www.zjnu.edu.cn
浙江	杭州师范大学	www.hznu.edu.cn
浙江	浙江工商大学	www.hzic.edu.cn
浙江	宁波诺丁汉大学	www.nottingham.edu.cn
浙江	温州大学	www.wzu.edu.cn
浙江	浙江农林大学	www.zjfc.edu.cn
浙江	宁波大红鹰学院	www.dhyedu.com
浙江	浙江越秀外国语学院	www.yxc.cn
浙江	嘉兴学院	www.zjxu.edu.cn
浙江	中国计量学院	www.cjlu.edu.cn
浙江	浙江科技学院	www.zust.edu.cn
浙江	宁波工程学院	www.nbut.cn
浙江	浙江海洋学院	www.zjou.net.cn
浙江	温州医学院	www.wzmc.net
浙江	湖州师范学院	www.hutc.zj.cn
浙江	绍兴文理学院	www.zscas.edu.cn
浙江	台州学院	www.tzc.edu.cn
浙江	浙江传媒学院	www.zjicm.edu.cn
浙江	浙江财经学院	www.zufe.edu.cn
浙江	浙江警察学院	www.zjjcxy.cn
浙江	中国美术学院	www.caa.edu.cn
浙江	浙江树人学院	www.zjsru.cn
浙江	浙江万里学院	www.zjwu.net
浙江	公安海警学院	www.hjgz.net
浙江	丽水学院	www.lsxy.com
浙江	衢州学院	www.qzu.zj.cn
浙江	浙江外国语学院	www.zisu.edu.cn
